encora_id,show_name,tour_name,date,master,nft_status,cast,encora_link
3,Wicked,Broadway,2014-08-18,SJ Bernly,Not NFT,"Christine Dwyer ( Elphaba), Jenni Barber ( Glinda), Justin Guarini ( Fiyero), Tom McGowan ( The Wizard), Mary Testa ( Madame Morrible), Kelli Barrett ( Nessarose), Michael Wartella ( Boq), K. Todd Freeman ( Doctor Dillamond)",https://encora.it/recordings/3
7,Wicked,Broadway,2008-08-05,broadwayspunk,Not NFT,"Kerry Ellis ( Elphaba), Kendra Kassebaum ( Glinda), Aaron Tveit ( Fiyero), P.J. Benjamin ( The Wizard), Jayne Houdyshell ( Madame Morrible), Cristy Candler ( Nessarose), Ben Liebert ( Boq), Steven Skybell ( Doctor Dillamond)",https://encora.it/recordings/7
8,Wicked,Broadway,2015-02-01,SunsetBlvd79,Not NFT,"Lilli Cooper ( Elphaba), Kara Lindsay ( Glinda), Jerad Bortz ( Fiyero), Brian Munn ( The Wizard), Kathy Fitzgerald ( Madame Morrible), Catherine Charlebois ( Nessarose), Robin de Jesús ( Boq), Timothy Britten Parker ( Doctor Dillamond)",https://encora.it/recordings/8
11,Wicked,Broadway,2015-01-02,SJ Bernly,Not NFT,"Caroline Bowman ( Elphaba), Kara Lindsay ( Glinda), Matt Shingledecker ( Fiyero), Tom McGowan ( The Wizard), Kathy Fitzgerald ( Madame Morrible), Kelli Barrett ( Nessarose), Robin de Jesús ( Boq), Timothy Britten Parker ( Doctor Dillamond)",https://encora.it/recordings/11
14,Wicked,Broadway,2004-07-18,Unknown,Not NFT,"Idina Menzel ( Elphaba), Kristin Chenoweth ( Glinda), Norbert Leo Butz ( Fiyero), Sean McCourt ( The Wizard), Carole Shelley ( Madame Morrible), Michelle Federer ( Nessarose), Randy Harrison ( Boq), William Youmans ( Doctor Dillamond)",https://encora.it/recordings/14
16,Wicked,Broadway,2016-06-21,SJ Bernly,2016-11-30,"Rachel Tucker ( Elphaba), Ginna Claire Mason ( Glinda), Jonah Platt ( Fiyero), Peter Scolari ( The Wizard), Judy Kaye ( Madame Morrible), Dawn E. Cantwell ( Nessarose), Zachary Noah Piser ( Boq), Michael Genet ( Doctor Dillamond), Christopher King ( Chistery), Sterling Masters ( Witch's Mother), William Ryall ( Witch's Father), William Ryall ( Ozian Official)",https://encora.it/recordings/16
17,Wicked,Broadway,2016-06-25,SunsetBlvd79,Not NFT,"Rachel Tucker ( Elphaba), Carrie St. Louis ( Glinda), Jonah Platt ( Fiyero), Peter Scolari ( The Wizard), Judy Kaye ( Madame Morrible), Dawn E. Cantwell ( Nessarose), Zachary Noah Piser ( Boq), Michael Genet ( Doctor Dillamond)",https://encora.it/recordings/17
23,Wicked,Broadway,2008-10-31,Unknown,Not NFT,"Kerry Ellis ( Elphaba), Kendra Kassebaum ( Glinda), Aaron Tveit ( Fiyero), P.J. Benjamin ( The Wizard), Jayne Houdyshell ( Madame Morrible), Cristy Candler ( Nessarose), Ben Liebert ( Boq), Timothy Britten Parker ( Doctor Dillamond)",https://encora.it/recordings/23
37,Wicked,Scheveningen,2013-01-10,Unknown,Not NFT,"Willemijn Verkaik ( Elphaba), Céline Purcell ( Glinda), Ferry Doedens ( Fiyero), Bill van Dijk ( The Wizard), Pamela Teves ( Madame Morrible), Christanne de Bruijn ( Nessarose), Niels Jacobs ( Boq), Jochem Feste Roozemond ( Doctor Dillamond)",https://encora.it/recordings/37
202,Pippin,First Broadway Revival,2013-07-13,SunsetBlvd79,Not NFT,"Patina Miller ( Leading Player), Matthew James Thomas ( Pippin), Charlotte d'Amboise ( Fastrada), Andrea Martin ( Berthe), Terrence Mann ( Charles), Rachel Bay Jones ( Catherine), Erik Altemus ( Lewis), Ashton Woerz ( Theo)",https://encora.it/recordings/202
210,Fun Home,Broadway,2015-03-29,SunsetBlvd79,Not NFT,"Beth Malone ( Alison), Emily Skeggs ( Medium Alison), Sydney Lucas ( Small Alison), Michael Cerveris ( Bruce), Judy Kuhn ( Helen), Roberta Colindrez ( Joan), Oscar Williams ( Christian), Zell Steele Morrow ( John), Joel Perez ( Roy)",https://encora.it/recordings/210
292,Wicked,Broadway,2010-11-12,SJ Bernly,Not NFT,"Mandy Gonzalez ( Elphaba), Laura Woyasz ( Glinda), Andy Karl ( Fiyero), P.J. Benjamin ( The Wizard), Kathy Fitzgerald ( Madame Morrible), Jenny Fellner ( Nessarose), Etai Benson ( Boq), Tom Flynn ( Doctor Dillamond)",https://encora.it/recordings/292
382,The Bridges of Madison County,Broadway,2014-04-16,SunsetBlvd79,Not NFT,"Kelli O'Hara ( Francesca Johnson), Steven Pasquale ( Robert Kincaid), Hunter Foster ( Bud Johnson), Cass Morgan ( Marge), Michael X. Martin ( Charlie), Derek Klena ( Michael Johnson), Caitlin Kinnunen ( Carolyn Johnson), Whitney Bashor ( Marian), Whitney Bashor ( Chiara)",https://encora.it/recordings/382
385,The Mystery of Edwin Drood,First Broadway Revival,2013-03-10,SunsetBlvd79,Not NFT,"Stephanie J. Block ( Edwin Drood), Will Chase ( John Jasper), Chita Rivera ( The Princess Puffer), Jim Norton ( Chairman), Stephanie J. Block ( Miss Alice Nutting), Chita Rivera ( Miss Angela Prysock), Erin Davie ( Rosa Bud), Will Chase ( Mr. Clive Paget), Jim Norton ( Mr. William Cartwright), Erin Davie ( Miss Deirdre Peregrine), Jessie Mueller ( Helena Landless), Andrew Samonsky ( Neville Landless), Robert Creighton ( Durdles), Andrew Samonsky ( Mr. Victor Grinstead), Gregg Edelman ( Reverend Mr. Crisparkle), Jessie Mueller ( Miss Janet Conover), Gregg Edelman ( Mr. Cedric Moncrieffe), Robert Creighton ( Mr. Nick Cricker), Peter Benson ( Mr. Phillip Bax), Peter Benson ( Bazzard), Nicholas Barasch ( Deputy), Nicholas Barasch ( Master Nick Cricker)",https://encora.it/recordings/385
1006,KPOP,Off-Broadway,2017-10-07,hi_im_joe,Not NFT,"Marina Kondo ( MwE), Vanessa Kai ( Ruby), Jiho Kang ( Lex), Joomin Hwang ( Timmy X), Katie Lee Hill ( Tiny D), Julia Abueva ( Sonoma), John Yi ( Bobo), Jinwoo Jung ( Oracle), James Saito ( Moon), Susannah Kim ( Mina), Cathy Ang ( Jin Hee), James Seol ( Jerry), Ebony Williams ( Jenn), Jason Tam ( Epic), David Shih ( Dr. Park), Sun Hye Park ( Callie), Deborah Kim ( XO), Amanda Morton ( Yazmeen)",https://encora.it/recordings/1006
1098,Groundhog Day,Broadway,2017-04-01,SunsetBlvd79,Not NFT,"Andy Karl ( Phil Connors), Barrett Doss ( Rita Hanson), John Sanders ( Ned Ryerson), Raymond J. Lee ( Ralph), Vishal Vaidya ( Larry), Heather Ayers ( Mrs. Lancaster), Katy Geraghty ( Debbie), Josh Lamon ( Buster), Joseph Medeiros ( Deputy), Jenna Rubaii ( Joelle), Sean Montgomery ( Sheriff), Gerard Canonico ( Fred), Andrew Call ( Gus), Travis Waldschmidt ( Jeff), Rebecca Faulkenberry ( Nancy Taylor), Tari Kelly ( Piano Teacher), Michael Fatica ( Chubby Man), Rheaume Crenshaw ( Doris), William Parry ( Jenson), Taylor Iman Jones ( Lady Storm Chaser)",https://encora.it/recordings/1098
1192,Wicked,Broadway,2016-12-23,Unknown,Not NFT,"Jennifer DiNoia ( Elphaba), Kara Lindsay ( Glinda), Michael Campayno ( Fiyero), Peter Scolari ( The Wizard), Sheryl Lee Ralph ( Madame Morrible), Dawn E. Cantwell ( Nessarose), Zachary Noah Piser ( Boq), Michael Genet ( Doctor Dillamond)",https://encora.it/recordings/1192
1450,Fun Home,First US National Tour,2016-11-04,SunsetBlvd79,Not NFT,"Kate Shindle ( Alison), Abby Corrigan ( Medium Alison), Carly Gold ( Small Alison), Robert Petkoff ( Bruce), Susan Moniz ( Helen), Karen Eilbacher ( Joan), Pierson Salvador ( Christian), Lennon Nate Hammond ( John), Robert Hager ( Roy)",https://encora.it/recordings/1450
1793,KPOP,Off-Broadway,2017-09-20,scaaahftrading,Not NFT,"Ashley Park ( MwE), Vanessa Kai ( Ruby), Jiho Kang ( Lex), Joomin Hwang ( Timmy X), Katie Lee Hill ( Tiny D), Julia Abueva ( Sonoma), John Yi ( Bobo), Jinwoo Jung ( Oracle), James Saito ( Moon), Susannah Kim ( Mina), Cathy Ang ( Jin Hee), James Seol ( Jerry), Ebony Williams ( Jenn), Jason Tam ( Epic), David Shih ( Dr. Park), Sun Hye Park ( Callie), Deborah Kim ( XO), Amanda Morton ( Yazmeen)",https://encora.it/recordings/1793
1821,Evita,Studio Tenn Theatre Company,2016-09-13,SunsetBlvd79,Not NFT,"Eden Espinosa ( Eva Perón), Ben Crawford ( Che), Anthony Crivello ( Perón), René Millán ( Magaldi), Mia Rose Lynne ( Perón's Mistress)",https://encora.it/recordings/1821
1889,The Cripple of Inishmaan,Broadway,2014-01-01,Unknown,Not NFT,"Daniel Radcliffe ( Billy), Gillian Hanna ( Eileen Osborne), Ingrid Craigie ( Kate Osborne), Conor MacNeill ( Bartley McCormick), Sarah Greene ( Helen McCormick), Pat Shortt ( Johnnypateenmike), June Watson ( Mammy)",https://encora.it/recordings/1889
2092,Wicked,Broadway,2006-05-28,secretlydefying,Not NFT,"Eden Espinosa ( Elphaba), Megan Hilty ( Glinda), Derrick Williams ( Fiyero), David Garrison ( The Wizard), Carol Kane ( Madame Morrible), Jenna Leigh Green ( Nessarose), Robb Sapp ( Boq), Sean McCourt ( Doctor Dillamond)",https://encora.it/recordings/2092
2322,Wicked,Broadway,2007-01-20,jstarz,Not NFT,"Julia Murney ( Elphaba), Katie Adams ( Glinda), Sebastian Arcelus ( Fiyero), David Garrison ( The Wizard), Jayne Houdyshell ( Madame Morrible), Cristy Candler ( Nessarose), Logan Lipton ( Boq), Steven Skybell ( Doctor Dillamond)",https://encora.it/recordings/2322
3029,Wicked,Stuttgart,2009-02-20,Unknown,Not NFT,"Willemijn Verkaik ( Elphaba), Lucy Scherer ( Glinda), Mathias Edenborn ( Fiyero), Stefan Poslovski ( The Wizard), Barbara Raunegger ( Madame Morrible), Nicole Radeschnig ( Nessarose), Robert Knorr ( Boq), Michael Günther ( Doctor Dillamond)",https://encora.it/recordings/3029
5120,The Hunchback of Notre Dame (Disney),Paper Mill Playhouse,2015-04-05,Unknown,Not NFT,"Michael Arden ( Quasimodo), Ciara Renée ( Esmeralda), Patrick Page ( Claude Frollo), Andrew Samonsky ( Captain Phoebus de Martin), Erik Liberman ( Clopin Trouillefou), Jeremy Stolle ( Jehan Frollo), Neal Mayer ( Saint Aphrodisius)",https://encora.it/recordings/5120
5615,Charlie and the Chocolate Factory,Broadway,2017-05-01,NYCG8R,Not NFT,"Christian Borle ( Willy Wonka), Jake Ryan Flynn ( Charlie Bucket), John Rubinstein ( Grandpa Joe), Emily Padgett ( Mrs. Bucket), Michael Wartella ( Mike Teavee), Jackie Hoffman ( Mrs. Teavee), Emma Pfaeffle ( Veruca Salt), Ben Crawford ( Mr. Salt), Trista Dollison ( Violet Beauregarde), Alan H. Green ( Mr. Beauregarde), F. Michael Haynie ( Augustus Gloop), Kathy Fitzgerald ( Mrs. Gloop)",https://encora.it/recordings/5615
6210,Wicked,Broadway,2010-04-09,SunsetBlvd79,Not NFT,"Mandy Gonzalez ( Elphaba), Katie Rose Clarke ( Glinda), Andy Karl ( Fiyero), P.J. Benjamin ( The Wizard), Rondi Reed ( Madame Morrible), Jenny Fellner ( Nessarose), Alex Brightman ( Boq), Timothy Britten Parker ( Doctor Dillamond)",https://encora.it/recordings/6210
6262,We Will Rock You,West End,2003-02-11,pro-shot,Not NFT,"Tony Vincent ( Galileo), Hannah Jane Fox ( Scaramouche), Sharon D. Clarke ( Killer Queen), Alexander Hanson ( Khashoggi), Kerry Ellis ( Meat), Kerry Ellis ( Oz), Nigel Clauzel ( Brit), Nigel Planer ( Buddy), Nigel Clauzel ( J.B.), Nigel Planer ( Pop), Nigel Planer ( Bap)",https://encora.it/recordings/6262
7442,Wicked,Stuttgart,2009-02-21,Unknown,Not NFT,"Willemijn Verkaik ( Elphaba), Jana Stelley ( Glinda), Mathias Edenborn ( Fiyero), Carlo Lauber ( The Wizard), Barbara Raunegger ( Madame Morrible), Nicole Radeschnig ( Nessarose), Stefan Stara ( Boq), Michael Günther ( Doctor Dillamond)",https://encora.it/recordings/7442
7458,Wicked,Broadway,2009-03-07,SJ Bernly,Not NFT,"Nicole Parker ( Elphaba), Alli Mauzey ( Glinda), Aaron Tveit ( Fiyero), Anthony Galde ( The Wizard), Jayne Houdyshell ( Madame Morrible), Cristy Candler ( Nessarose), Alex Brightman ( Boq), Timothy Britten Parker ( Doctor Dillamond)",https://encora.it/recordings/7458
7726,Wicked,Stuttgart,2008-12-07,Unknown,Not NFT,"Willemijn Verkaik ( Elphaba), Jana Stelley ( Glinda), Mathias Edenborn ( Fiyero), Stefan Poslovski ( The Wizard), Barbara Raunegger ( Madame Morrible), Nicole Radeschnig ( Nessarose), Stefan Stara ( Boq), Matthias Dressel ( Doctor Dillamond)",https://encora.it/recordings/7726
7759,Wicked,Oberhausen,2010-10-09,Ozerhausen,Not NFT,"Sabrina Weckerlin ( Elphaba), Joana Fee Würz ( Glinda), Jonas Wåhlin ( Fiyero), Carlo Lauber ( The Wizard), Barbara Raunegger ( Madame Morrible), Lanie Sumalinog ( Nessarose), David Hardenberg ( Boq), Thomas Wißmann ( Doctor Dillamond)",https://encora.it/recordings/7759
8053,Beaches,Drury Lane Theatre,2015-08-16,kradder32,Not NFT,"Whitney Bashor ( Bertie White), Shoshana Bean ( Cee Cee Bloom), Brooklyn Shuck ( Nina), Travis Taylor ( John Perry), Olivia Renteria ( Teen Bertie), Samantha Pauly ( Teen Cee Cee), Brooklyn Shuck ( Little Bertie), Presley Ryan ( Little Cee Cee), Nancy Voights ( Leona Bloom), Jim DeSelm ( Michael Barron), Andrew Varela ( Arthur), Mike Accardo ( Nathan)",https://encora.it/recordings/8053
8215,Peter Pan Goes Wrong,BBC Special,2016-12-31,pro-shot,Not NFT,"David Suchet ( Francis), Charlie Russell ( Sandra), Nancy Zamit ( Annie), Henry Lewis ( Robert), Greg Tannahill ( Jonathan), Henry Shields ( Chris Bean), Greg Tannahill ( Peter Pan), Nancy Zamit ( Lisa), Dave Hearn ( Crocodile), Chris Leask ( Trevor Watson), Henry Lewis ( Starkey), Ellie Morris ( Lucy), Dave Hearn ( Max Bennett), Jonathan Sayer ( Dennis Tyde), Henry Shields ( Captain Hook), Henry Lewis ( Nana the Dog), Dave Hearn ( Michael Darling), Jonathan Sayer ( John Darling), Nancy Zamit ( Tinker Bell), Nancy Zamit ( Mary Darling), Charlie Russell ( Wendy Darling), David Suchet ( Narrator), Nancy Zamit ( Tigerlily), Henry Shields ( George), Ellie Morris ( Tootles), Bryony Corrigan ( Cornley Crew Member), Niall Ransome ( Cornley Crew Member), Harry Kershaw ( BBC Crew Member), Jonathan Sayer ( Smee), Michael Bodie ( Paramedic), Adam Meggido ( Park Keeper)",https://encora.it/recordings/8215
8236,A Christmas Carol Goes Wrong,BBC Special,2017-12-30,pro-shot,Not NFT,"Henry Shields ( Chris), Henry Lewis ( Robert), Charlie Russell ( Sandra), Dave Hearn ( Max), Chris Leask ( Trevor), Nancy Zamit ( Annie), Greg Tannahill ( Jonathan), Jonathan Sayer ( Dennis), Ellie Morris ( Lucy), Diana Rigg ( Aunt Diana), Derek Jacobi ( Scrooge), Derek Jacobi ( Himself)",https://encora.it/recordings/8236
8404,Wicked,Broadway,2019-03-01,StarCuffedJeans,2019-08-25,"Laurel Harris ( Elphaba), Katie Rose Clarke ( Glinda), Ryan McCartan ( Fiyero), Michael McCormick ( The Wizard), Nancy Opel ( Madame Morrible), Gizel Jimenez ( Nessarose), Jesse JP Johnson ( Boq), Jamie Jackson ( Doctor Dillamond), Manuel Herrera ( Chistery), Kathy Santen ( Midwife), Sterling Masters ( Witch's Mother), William Ryall ( Witch's Father), William Ryall ( Ozian Official)",https://encora.it/recordings/8404
8476,Blood Brothers,West End,2012-10-01,Unknown,Not NFT,"Philip Stewart ( Narrator), Mark Rice Oxley ( Mickey), Paul Christopher ( Eddie), Abigail Jaye ( Mrs. Lyons), Vivienne Carlyle ( Mrs. Johnstone), Michael Southern ( Sammy), Louise Clayton ( Linda), Kevin Pallister ( Mr. Lyons)",https://encora.it/recordings/8476
10640,October Sky,The Old Globe,2016-10-02,SJ Bernly,Not NFT,"Connor Russell ( Quentin), Steve Gouveia ( Earl), James Royce Edwards ( Jake), Kevyn Morrow ( Ken), Nick Sullivan ( Mr. Turner), Joel Blum ( Ike Bykovski), Eliza Palasz ( Dorothy), Ron Bohmer ( John Hickam), Sandra DeNise ( Miss Riley), Austyn Myers ( O'Dell), Patrick Rooney ( Roy Lee), Kyle Selig ( Homer Hickam), Kerry O'Malley ( Elise Hickam), Betsy Stewart ( Emily Sue), Destan Owens ( Bathtub Amos), Will Branner ( Buck), Liam Quealy ( Jim), Lance Arthur Smith ( Otis), Rebecca Bellingham ( Mary Bykovski), Angela Wildflower ( Harriet), Scott Wakefield ( Minister)",https://encora.it/recordings/10640
11139,Company,Second West End Revival,2019-01-01,hitmewithyourbethshot,2019-05-05,"Rosalie Craig ( Bobbie), Patti LuPone ( Joanne), Ben Lewis ( Larry), Jonathan Bailey ( Jamie), Alex Gaumond ( Paul), Mel Giedroyc ( Sarah), Gavin Spokes ( Harry), Daisy Maywood ( Susan), Ashley Campbell ( Peter), Jennifer Saayeng ( Jenny), Richard Henders ( David), Richard Fleeshman ( Andy), George Blagden ( PJ), Matthew Seadon-Young ( Theo)",https://encora.it/recordings/11139
11648,Be More Chill,Broadway,2019-05-14,followtheneon,Not NFT,"Troy Iwata ( Jeremy Heere), Anthony Chatmon II ( Michael Mell), Stephanie Hsu ( Christine Canigula), Jason Tam ( The SQUIP), Lauren Marcus ( Brooke Lohst), Katlyn Carlson ( Chloe Valentine), Tiffany Mann ( Jenna Rolan), Cameron Bond ( Jake Dillinger), Gerard Canonico ( Rich Goranski), Jason SweetTooth Williams ( Mr. Heere), Jason SweetTooth Williams ( Mr. Reyes), Jason SweetTooth Williams ( Scary Stockboy)",https://encora.it/recordings/11648
14249,Evita,Netherlands,1996-05-22,pro-shot,Not NFT,"Pia Douwes ( Eva Perón), Bill van Dijk ( Che), Jeroen Phaff ( Perón), Frans Limburg ( Magaldi), Marleen van der Loo ( Perón's Mistress)",https://encora.it/recordings/14249
14251,Gigi,First Broadway Revival,2015-03-28,SunsetBlvd79,Not NFT,"Vanessa Hudgens ( Gigi), Corey Cott ( Gaston), Victoria Clark ( Mamita), Howard McGillin ( Honore), Dee Hoty ( Aunt Alicia), Steffanie Leigh ( Liane)",https://encora.it/recordings/14251
14268,Tarzan,Stuttgart,2015-08-21,forcuepeek,Not NFT,"Gian Marco Schiaretti ( Tarzan), Merle Hoch ( Jane), Massimiliano Pironti ( Terk), Jan Ammann ( Kerchak), Willemijn Verkaik ( Kala), Maik Lohse ( Professor Porter), Leon Roeven ( Clayton), Matthias Lernhart ( Young Tarzan), Clayton Sia ( Ensemble), Chukwu Asante I ( Ensemble), Cheyne Whichello ( Ensemble), Gianluca Briganti ( Ensemble), Alexsandr Kochkin ( Ensemble), James Mackie ( Ensemble), Anatoliy Ivankov ( Ensemble), Georgia Briggs ( Ensemble), Sabrina Sepe ( Ensemble), Isis Paula Barbosa dos Santos ( Ensemble), Joe Nolan ( Ensemble), Johanna Zett ( Ensemble), Laura Robinson ( Ensemble), Carmen Danen ( Ensemble)",https://encora.it/recordings/14268
14795,Wicked,Scheveningen,2012-07-28,Unknown,Not NFT,"Willemijn Verkaik ( Elphaba), Chantal Janzen ( Glinda), Jim Bakkum ( Fiyero), Bill van Dijk ( The Wizard), Pamela Teves ( Madame Morrible), Christanne de Bruijn ( Nessarose), Niels Jacobs ( Boq), Jochem Feste Roozemond ( Doctor Dillamond)",https://encora.it/recordings/14795
16026,Pippin,First Broadway Revival,2014-08-16,SJ Bernly,Not NFT,"Ciara Renée ( Leading Player), Kyle Dean Massey ( Pippin), Charlotte d'Amboise ( Fastrada), Priscilla Lopez ( Berthe), John Rubinstein ( Charles), Rachel Bay Jones ( Catherine), Colin Cunliffe ( Lewis), Eli Tokash ( Theo)",https://encora.it/recordings/16026
16357,Company,New York Philharmonic Concert,2011-04-01,pro-shot,Not NFT,"Neil Patrick Harris ( Bobby), Patti LuPone ( Joanne), Jim Walton ( Larry), Katie Finneran ( Amy), Aaron Lazar ( Paul), Martha Plimpton ( Sarah), Stephen Colbert ( Harry), Jill Paice ( Susan), Craig Bierko ( Peter), Jennifer Laura Thompson ( Jenny), Jon Cryer ( David), Christina Hendricks ( April), Anika Noni Rose ( Marta), Chryssie Whitehead ( Kathy)",https://encora.it/recordings/16357
18245,Beauty and the Beast (Disney),Fourth US National Tour (Non-Equity),2014-12-03,Unknown,Not NFT,"Jillian Butterfield ( Belle), Ryan Everett Wood ( Beast), Cameron Bond ( Gaston), Thomas Mothershed ( Maurice), Patrick Pevehouse ( Lumière), Samuel Shurtleff ( Cogsworth), Emily Jewell ( Mrs. Potts), Melissa Jones ( Babette), Lacey Kim Kriston ( Madame de la Grande Bouche), Jake Bridges ( Le Fou), Ross Nemeth ( Chip), Taurean Barber ( Ensemble)",https://encora.it/recordings/18245
18902,Be More Chill,Broadway,2019-05-18,Unknown,Not NFT,"Will Roland ( Jeremy Heere), Troy Iwata ( Michael Mell), Stephanie Hsu ( Christine Canigula), Jason Tam ( The SQUIP), Lauren Marcus ( Brooke Lohst), Katlyn Carlson ( Chloe Valentine), Tiffany Mann ( Jenna Rolan), Cameron Bond ( Jake Dillinger), Gerard Canonico ( Rich Goranski), Jason SweetTooth Williams ( Mr. Heere), Jason SweetTooth Williams ( Mr. Reyes), Jason SweetTooth Williams ( Scary Stockboy)",https://encora.it/recordings/18902
19554,Evita,Regent's Park Open Air Theatre,2019-09-01,hitmewithyourbethshot,2020-01-27,"Samantha Pauly ( Eva Perón), Trent Saunders ( Che), Ektor Rivera ( Perón), Adam Pearce ( Magaldi), Frances Mayli McCann ( Perón's Mistress)",https://encora.it/recordings/19554
21786,Evita,Seventh US National Tour,2013-09-22,SunsetBlvd79,Not NFT,"Caroline Bowman ( Eva Perón), Josh Young ( Che), Sean MacLaughlin ( Perón), Christopher Johnstone ( Magaldi), Krystina Alabado ( Perón's Mistress)",https://encora.it/recordings/21786
24532,Wicked,Broadway,2019-05-01,StarCuffedJeans,2020-01-19,"Laurel Harris ( Elphaba), Ginna Claire Mason ( Glinda), Jake Boyd ( Fiyero), Michael McCormick ( The Wizard), Nancy Opel ( Madame Morrible), Gizel Jimenez ( Nessarose), Jesse JP Johnson ( Boq), Jamie Jackson ( Doctor Dillamond)",https://encora.it/recordings/24532
25573,If There Is I Haven't Found It Yet,Off-Broadway,2012-09-13,NYCG8R,Not NFT,"Jake Gyllenhaal ( Terry), Annie Funke ( Anna), Brian F. O'Byrne ( George), Michelle Gomez ( Fiona)",https://encora.it/recordings/25573
25887,Be More Chill,Broadway,2019-08-11,notjustthespongenextdoor,Not NFT,"Will Roland ( Jeremy Heere), George Salazar ( Michael Mell), Stephanie Hsu ( Christine Canigula), Jason Tam ( The SQUIP), Lauren Marcus ( Brooke Lohst), Katlyn Carlson ( Chloe Valentine), Tiffany Mann ( Jenna Rolan), Britton Smith ( Jake Dillinger), Gerard Canonico ( Rich Goranski), Jason SweetTooth Williams ( Mr. Heere), Jason SweetTooth Williams ( Mr. Reyes), Jason SweetTooth Williams ( Scary Stockboy)",https://encora.it/recordings/25887
26879,Be More Chill,Off-West End,2020-02-01,queenofthedead,2020-07-13,"Scott Folan ( Jeremy Heere), Blake Patrick Anderson ( Michael Mell), Miracle Chance ( Christine Canigula), Stewart Clarke ( The SQUIP), Eloise Davies ( Brooke Lohst), Millie O'Connell ( Chloe Valentine), Renée Lamb ( Jenna Rolan), Miles Paloma ( Jake Dillinger), James Hameed ( Rich Goranski), Christopher Fry ( Mr. Heere), Christopher Fry ( Mr. Reyes), Christopher Fry ( Scary Stockboy)",https://encora.it/recordings/26879
26949,The Wind in the Willows (Stiles & Drewe),West End,2017-01-01,pro-shot,Not NFT,"Rufus Hound ( Toad), Craig Mather ( Mole), Simon Lipkin ( Ratty), Gary Wilmot ( Badger), Neil McDermott ( Chief Weasel), Denise Welch ( Mrs. Otter), Denise Welch ( Barge Woman), Emilie du Leslay ( Portia), Joshua Gannon ( Lesser Weasel), James Gant ( Car Driver), Evan James ( Rabbit Butler), Michael Larcombe ( Head Chorister Fieldmouse), Chris Aukett ( Train Driver), Rosanna Bates ( Cheryl Stoat), Jenna Boyd ( Mrs. Hedgehog), Natalie Woods ( Horse), Abigail Brodie ( Horse), Jorell Coiffic-Kamall ( Scared Weasel), Nicole Deon ( Scared Stoat), Ryan Pidgen ( Prison Guard), Abigail Brodie ( Swallow), Rosanna Bates ( Swallow), Bethany Linsdell ( Swallow), Abigail Brodie ( Fieldmouse), Joshua Gannon ( Fieldmouse), Bethany Linsdell ( Fieldmouse), Adam Vaughan ( Magistrate), James Gant ( Mr. Hedgehog), Jenna Boyd ( Gaolers Daughter), Rakesh Boury ( Sentry Stoat)",https://encora.it/recordings/26949
27880,Wicked,Broadway,2019-09-01,StarCuffedJeans,2020-04-25,"Hannah Corneau ( Elphaba), Brittney Johnson ( Glinda), Kyle Dean Massey ( Fiyero), Michael McCormick ( The Wizard), Nancy Opel ( Madame Morrible), Gizel Jimenez ( Nessarose), Jesse JP Johnson ( Boq), Jamie Jackson ( Doctor Dillamond), Chase Madigan ( Chistery), Christianne Tisdale ( Midwife), Courtney Iventosch ( Witch's Mother)",https://encora.it/recordings/27880
31160,Evita,Regent's Park Open Air Theatre,2019-08-01,hitmewithyourbethshot,2020-01-14,"Marsha Songcome ( Eva Perón), Trent Saunders ( Che), Ektor Rivera ( Perón), Adam Pearce ( Magaldi), Frances Mayli McCann ( Perón's Mistress), Lauren Drew ( Ensemble)",https://encora.it/recordings/31160
1000338,Wicked,Universal Studios Japan (Non-Replica),2006-07-12,JA61NH,Not NFT,"Jillian Giacchi ( Elphaba), Osagi Maki ( Glinda), Kobayashi Atom ( The Wizard)",https://encora.it/recordings/1000338
1000340,Wicked,Universal Studios Japan (Non-Replica),2006-07-22,USJ TV BJFAN,Not NFT,"Gillian Taylor ( Elphaba), Asuka Takahashi ( Glinda), Kobayashi Atom ( The Wizard)",https://encora.it/recordings/1000340
1005541,Wicked,"Chita, Russia (Non-Replica)",2019-10-28,house-cam,Not NFT,"Yulia Sidorovich ( Elphaba), Antonina Nemerova ( Glinda), Denis Denisenko ( Fiyero), Evgeny Dmitriev ( The Wizard)",https://encora.it/recordings/1005541
1005728,Songs for a New World,London Palladium,2020-10-01,hitmewithyourbethshot,2021-02-28,"Rachel John ( Woman 1), Cedric Neal ( Man 1), Rachel Tucker ( Woman 2), David Hunter ( Man 2)",https://encora.it/recordings/1005728
1110141,Company,Third Broadway Revival,2020-03-01,StarCuffedJeans,2021-07-11,"Katrina Lenk ( Bobbie), Patti LuPone ( Joanne), Terence Archie ( Larry), Matt Doyle ( Jamie), Etai Benson ( Paul), Jennifer Simard ( Sarah), Christopher Sieber ( Harry), Rashidra Scott ( Susan), Greg Hildreth ( Peter), Nikki Renée Daniels ( Jenny), Christopher Fitzgerald ( David), Claybourne Elder ( Andy), Bobby Conte Thornton ( PJ), Kyle Dean Massey ( Theo), Kathryn Allison ( New Yorker), Stanley Bahorek ( New Yorker), Britney Coleman ( New Yorker), Javier Ignacio ( New Yorker), Matt Wall ( New Yorker), Anisha Nagarajan ( New Yorker)",https://encora.it/recordings/1110141
1110355,We Will Rock You,Acting Against Cancer Virtual Livestream,2021-05-21,pro-shot,Not NFT,"William Nickles ( Galileo), Lauren McCombs ( Scaramouche), Tamika Tyan ( Killer Queen), Jason Cooper ( Khashoggi), Myranda Thomas ( Oz), Landon Sholar ( Brit), Adam Byrd ( Buddy), Hannah Thomas ( Ensemble), Remy Sisk ( Ensemble), Aaron Roitman ( Ensemble), Julie Riehm McGuffey ( Ensemble), Charlie Meredith ( Ensemble), Hannah Lechleiter ( Ensemble), Scott Goodman ( Ensemble), Olivia Duff ( Ensemble), Corie Caudill ( Ensemble), Shelby Brown ( Ensemble)",https://encora.it/recordings/1110355
1112209,Be More Chill,West End,2021-07-01,sandrabanana,2021-11-01,"Gabriel Hinchliffe ( Jeremy Heere), Blake Patrick Anderson ( Michael Mell), Miracle Chance ( Christine Canigula), Stewart Clarke ( The SQUIP), Eve Norris ( Brooke Lohst), Millie O'Connell ( Chloe Valentine), Renée Lamb ( Jenna Rolan), Miles Paloma ( Jake Dillinger), James Hameed ( Rich Goranski), Christopher Fry ( Mr. Heere), Christopher Fry ( Mr. Reyes), Christopher Fry ( Scary Stockboy)",https://encora.it/recordings/1112209
1112801,Be More Chill,West End,2021-07-01,soulofamanstepone,Not NFT,"Scott Folan ( Jeremy Heere), Blake Patrick Anderson ( Michael Mell), Miracle Chance ( Christine Canigula), Stewart Clarke ( The SQUIP), Eloise Davies ( Brooke Lohst), Millie O'Connell ( Chloe Valentine), Renée Lamb ( Jenna Rolan), Miles Paloma ( Jake Dillinger), James Hameed ( Rich Goranski), Christopher Fry ( Mr. Heere), Christopher Fry ( Mr. Reyes), Christopher Fry ( Scary Stockboy)",https://encora.it/recordings/1112801
1113395,Be More Chill,West End,2021-09-01,hadesishere,Not NFT,"Scott Folan ( Jeremy Heere), Gabriel Hinchliffe ( Michael Mell), Miracle Chance ( Christine Canigula), Stewart Clarke ( The SQUIP), Eloise Davies ( Brooke Lohst), Grace Mouat ( Chloe Valentine), Nathania Ong ( Jenna Rolan), Miles Paloma ( Jake Dillinger), James Hameed ( Rich Goranski), Christopher Fry ( Mr. Heere), Christopher Fry ( Mr. Reyes), Christopher Fry ( Scary Stockboy)",https://encora.it/recordings/1113395
1113396,Be More Chill,West End,2021-09-01,hadesishere,Not NFT,"Scott Folan ( Jeremy Heere), Blake Patrick Anderson ( Michael Mell), Miracle Chance ( Christine Canigula), Stewart Clarke ( The SQUIP), Eloise Davies ( Brooke Lohst), Grace Mouat ( Chloe Valentine), Nathania Ong ( Jenna Rolan), Miles Paloma ( Jake Dillinger), James Hameed ( Rich Goranski), Christopher Fry ( Mr. Heere), Christopher Fry ( Mr. Reyes), Christopher Fry ( Scary Stockboy)",https://encora.it/recordings/1113396
1115928,Fun Home,The Company Theatre,2021-10-01,Em,Not NFT,"Aimee Doherty ( Alison), Jaclyn Chylunkski ( Medium Alison), Riley Crockett ( Small Alison), Michael Hammond ( Bruce), Amy Barker ( Helen), Melissa Carubia ( Joan)",https://encora.it/recordings/1115928
1116647,The Wizard and I: The Musical Journey of Stephen Schwartz,Carnegie Hall,2013-04-12,smokeline,Not NFT,"Jeremy Jordan ( Performer), Norm Lewis ( Performer), Julia Murney ( Performer), Jennifer Laura Thompson ( Performer)",https://encora.it/recordings/1116647
1116765,Wicked,Broadway,2021-09-01,StarCuffedJeans,2022-04-01,"Jennifer DiNoia ( Elphaba), Ginna Claire Mason ( Glinda), Sam Gravitte ( Fiyero), Michael McCormick ( The Wizard), Christianne Tisdale ( Madame Morrible), Mili Diaz ( Nessarose), Riley Costello ( Boq), Michael X. Martin ( Doctor Dillamond), Chase Madigan ( Chistery), Micaela Martinez ( Midwife), Sterling Masters ( Witch's Mother), William Ryall ( Witch's Father), William Ryall ( Ozian Official), Jeremy Thompson ( Ensemble), Travis Taber ( Ensemble), Emily Rogers ( Ensemble), Lindsay K. Northen ( Ensemble), Jo'Nathan Michael ( Ensemble), Matt Meigs ( Ensemble), Courtney Iventosch ( Ensemble), Celia Hottenstein ( Ensemble), Jeff Heimbrock ( Ensemble), Josh Daniel Green ( Ensemble), Dan Gleason ( Ensemble), Hannah Florence ( Ensemble), Teneise Mitchell Ellis ( Ensemble), Meg Doherty ( Ensemble), Randy Castillo ( Ensemble), Larkin Bogan ( Ensemble), Alex Aquilino ( Ensemble), Ioana Alfonso ( Ensemble)",https://encora.it/recordings/1116765
1117669,Bedknobs and Broomsticks,UK Tour,2021-10-01,hadesishere,Not NFT,"Dianne Pilkington ( Eglantine Price), Sam Lupton ( Emelius Browne), Conor O'Hara ( Charlie Rawlins), Jacqui Dubois ( Mrs. Hobday), Susannah Van Den Berg ( Mrs. Mason), Nathaniel Morrison ( Norton), Mark Anderson ( Sherman), Matthew Elliot-Campbell ( King Leonidas), Jonathan Cobb ( Angela), Jessica Aubrey ( Ensemble), Vinnie Monachello ( Ensemble), Georgie Buckland ( Ensemble)",https://encora.it/recordings/1117669
1117673,"The Lion, the Witch and the Wardrobe (Cookson)",First UK Tour,2021-11-01,hadesishere,Not NFT,"Ammar Duffus ( Peter Pevensie), Robyn Sinclair ( Susan Pevensie), Shaka Kalokoh ( Edmund Pevensie), Karise Yansen ( Lucy Pevensie), Chris Jared ( Aslan), Samantha Womack ( White Witch), Samantha Womack ( Mrs. Macready), Jez Unwin ( Mr. Tumnus), Sam Buttery ( Mr. Beaver), Christina Tedders ( Mrs. Beaver), Johnson Willis ( Professor Kirk), Michael Ahomka-Lindsay ( Maugrim), Rachel Dawson ( Blue Badger), Scott Brooks ( Fox Trot), Oliver Bingham ( March Hare), Rachel Dawson ( Spirit Of The Moon), Rachel Dawson ( Miss Chutney), Johnson Willis ( White Mouse), Grace Wylde ( Robin), Kate Parr ( Phoenix), Oliver Grant ( Mr. Wilson), Oliver Grant ( Schrodinger), Scott Brooks ( Mr. Pope), Oliver Grant ( Red Squirrel), Matthew James Hinchliffe ( Mr. Marsden), Grace Wylde ( Mrs. Pevensie), Oliver Grant ( Head Cruel), Michael Ahomka-Lindsay ( White Stag), Matthew James Hinchliffe ( Mauve Mole), Kate Parr ( Miss Gumley-Warmley), Oliver Bingham ( Mr. Brinkworth), Grace Wylde ( Gryphon), Johnson Willis ( Father Christmas), Michael Ahomka-Lindsay ( Satyr), Michael Ahomka-Lindsay ( Soldier), Shaun McCourt ( Mr. Granville), Shaun McCourt ( Jack Rabbit), Johnson Willis ( Wise Owl), Oliver Grant ( Aslan Puppeteer), Oliver Bingham ( Aslan Puppeteer)",https://encora.it/recordings/1117673
1118203,Company,Third Broadway Revival,2021-12-09,Today4UTomorrow4Netflix,Not NFT,"Katrina Lenk ( Bobbie), Patti LuPone ( Joanne), Terence Archie ( Larry), Matt Doyle ( Jamie), Etai Benson ( Paul), Jennifer Simard ( Sarah), Christopher Sieber ( Harry), Rashidra Scott ( Susan), Tally Sessions ( Peter), Nikki Renée Daniels ( Jenny), Christopher Fitzgerald ( David), Claybourne Elder ( Andy), Bobby Conte Thornton ( PJ), Manu Narayan ( Theo), Kathryn Allison ( New Yorker), Britney Coleman ( New Yorker), Jacob Dickey ( New Yorker), Javier Ignacio ( New Yorker), Anisha Nagarajan ( New Yorker), Heath Saunders ( New Yorker)",https://encora.it/recordings/1118203
1118220,Wicked,Hamburg (Non-Replica),2021-12-01,hitmewithyourbethshot,2022-04-22,"Vajèn van den Bosch ( Elphaba), Martina Lechner ( Glinda), Naidjim Severina ( Fiyero), Frank Logemann ( The Wizard), Susanne-Elisabeth Walbaum ( Madame Morrible), Pamina Lenn ( Nessarose), Jan Rogler ( Boq), Dejan Brkic ( Doctor Dillamond)",https://encora.it/recordings/1118220
1118323,Magic Goes Wrong,First UK Tour,2021-11-18,Tideslowebb,2022-05-30,"Ishbel Cumming ( Spitzmaus), Valerie Cutko ( Eugenia), Kiefer Moriarty-Short ( The Blade), Rory Fairbairn ( Mind Mangler), Daniel Anthony ( Mickey), Sam Hill ( Sophisticato), Chloe Tannenbaum ( Bär)",https://encora.it/recordings/1118323
1118532,The Jungle Book,Watermill Theatre,2021-12-01,pro-shot,Not NFT,"Karishma Young ( Mowgli), Rowena Lennon ( Baloo), Peter Ashmore ( Shere Khan), Philippa Hogg ( Bagheera), Alexander Bean ( Kaa), Alexander Bean ( Councilor Wolf), Guido Garcia Leuches ( Tabaqui), Rowena Lennon ( Recorder), Guido Garcia Leuches ( Ukulele), Alexander Bean ( Drum Kit), Alexander Bean ( Percussion), Peter Ashmore ( Violin), Philippa Hogg ( Violin), Philippa Hogg ( Keys), Guido Garcia Leuches ( Keys), Alexander Bean ( Keys), Rowena Lennon ( Keys), Peter Ashmore ( Keys), Karishma Young ( Keys)",https://encora.it/recordings/1118532
1119015,Company,Third Broadway Revival,2021-12-01,StarCuffedJeans,2022-07-01,"Katrina Lenk ( Bobbie), Patti LuPone ( Joanne), Terence Archie ( Larry), Matt Doyle ( Jamie), Etai Benson ( Paul), Jennifer Simard ( Sarah), Christopher Sieber ( Harry), Rashidra Scott ( Susan), Greg Hildreth ( Peter), Nikki Renée Daniels ( Jenny), Christopher Fitzgerald ( David), Claybourne Elder ( Andy), Bobby Conte Thornton ( PJ), Manu Narayan ( Theo), Kathryn Allison ( New Yorker), Britney Coleman ( New Yorker), Jacob Dickey ( New Yorker), Javier Ignacio ( New Yorker), Anisha Nagarajan ( New Yorker), Heath Saunders ( New Yorker)",https://encora.it/recordings/1119015
1119678,Ride The Cyclone,Off-Broadway,2016-01-01,house-cam,Not NFT,"Karl Hamilton ( The Amazing Karnak), Tiffany Tatreau ( Ocean O'Connell Rosenberg), Kholby Wardell ( Noel Gruber), Gus Halper ( Mischa Bachinski), Alex Wyse ( Ricky Potts), Emily Rohm ( Jane Doe), Lillian Castillo ( Constance Blackwood)",https://encora.it/recordings/1119678
1120599,A.D. 16,Olney Theatre,2022-02-01,TheatreCouple14,Not NFT,"Phoenix Best ( Mary), Ben Fankhauser ( Jesus), Kelli Blackwell ( Diana), Alan H. Green ( Jacob), Jade Jones ( Jessica), Jared Loftin ( Nicholas), Adelina Mitchell ( Ruth), Christian Montgomery ( Bartimaeus), Calvin McCullough ( Mattias), Da'Von T. Moody ( Simeon), Chani Wereley ( Esther), Kanysha Williams ( Ensemble), Alex De Bard ( Ensemble), Sylvern Groomes Jr. ( Ensemble), RJ Pavel ( Ensemble), John Sygar ( Ensemble)",https://encora.it/recordings/1120599
1120725,Be More Chill,Manly Musical Society,2018-03-01,pro-shot,Not NFT,"Luke Arthur ( Jeremy Heere), Harrison Riley ( Michael Mell), Rachael Mayrick ( Christine Canigula), Keira Connelly ( The SQUIP), Laura Banning ( Brooke Lohst), Charlize Spillane ( Chloe Valentine), Molly McCrann ( Jenna Rolan), Matt Shepherd ( Jake Dillinger), Chris O'Shea ( Rich Goranski), Steven Burns ( Mr. Heere), Hannah Gibbins ( Mrs. Reyes), Lindford Gilmour ( Scary Stockboy), Tazmin Harper ( Ensemble), Isabelle Kohout ( Ensemble), Roman Vournelis ( Ensemble)",https://encora.it/recordings/1120725
1121037,A.D. 16,Olney Theatre,2022-02-01,TheatreCouple14,Not NFT,"Phoenix Best ( Mary), Ben Fankhauser ( Jesus), Kelli Blackwell ( Diana), Alan H. Green ( Jacob), Jade Jones ( Jessica), Jared Loftin ( Nicholas), Adelina Mitchell ( Ruth), Christian Montgomery ( Bartimaeus), Calvin McCullough ( Mattias), Da'Von T. Moody ( Simeon), Chani Wereley ( Esther), Alex De Bard ( Ensemble), Sylvern Groomes Jr. ( Ensemble), RJ Pavel ( Ensemble), John Sygar ( Ensemble), Kanysha Williams ( Ensemble)",https://encora.it/recordings/1121037
1121046,Willemijn Verkaik in Concert,54 Below,2015-08-28,elphabatized21,Not NFT,"Willemijn Verkaik ( Performer), Rachel Tucker ( Performer), Stephen Schwartz ( Performer)",https://encora.it/recordings/1121046
1121568,Company,Third Broadway Revival,2022-02-15,juniper47,Not NFT,"Katrina Lenk ( Bobbie), Patti LuPone ( Joanne), Terence Archie ( Larry), Matt Doyle ( Jamie), Etai Benson ( Paul), Jennifer Simard ( Sarah), Christopher Sieber ( Harry), Rashidra Scott ( Susan), Greg Hildreth ( Peter), Nikki Renée Daniels ( Jenny), Christopher Fitzgerald ( David), Claybourne Elder ( Andy), Bobby Conte Thornton ( PJ), Manu Narayan ( Theo), Anisha Nagarajan ( New Yorker), Britney Coleman ( New Yorker), Kathryn Allison ( New Yorker), Jacob Dickey ( New Yorker), Javier Ignacio ( New Yorker), Heath Saunders ( New Yorker)",https://encora.it/recordings/1121568
1121776,Company,Third Broadway Revival,2022-02-23,juniper47,Not NFT,"Katrina Lenk ( Bobbie), Patti LuPone ( Joanne), Terence Archie ( Larry), Matt Doyle ( Jamie), Jacob Dickey ( Paul), Jennifer Simard ( Sarah), Christopher Sieber ( Harry), Rashidra Scott ( Susan), Greg Hildreth ( Peter), Nikki Renée Daniels ( Jenny), Nicholas Rodriguez ( David), Claybourne Elder ( Andy), Bobby Conte Thornton ( PJ), Manu Narayan ( Theo), Anisha Nagarajan ( New Yorker), Britney Coleman ( New Yorker), Kathryn Allison ( New Yorker), Matt Wall ( New Yorker), Javier Ignacio ( New Yorker), Heath Saunders ( New Yorker)",https://encora.it/recordings/1121776
1122462,Company,Third Broadway Revival,2022-03-03,juniper47,Not NFT,"Katrina Lenk ( Bobbie), Jennifer Simard ( Joanne), Terence Archie ( Larry), Matt Doyle ( Jamie), Etai Benson ( Paul), Kathryn Allison ( Sarah), Christopher Sieber ( Harry), Rashidra Scott ( Susan), Greg Hildreth ( Peter), Britney Coleman ( Jenny), Christopher Fitzgerald ( David), Claybourne Elder ( Andy), Bobby Conte Thornton ( PJ), Manu Narayan ( Theo), Anisha Nagarajan ( New Yorker), Jacob Dickey ( New Yorker), Javier Ignacio ( New Yorker), Heath Saunders ( New Yorker)",https://encora.it/recordings/1122462
1122463,Company,Third Broadway Revival,2022-03-05,juniper47,Not NFT,"Katrina Lenk ( Bobbie), Jennifer Simard ( Joanne), Terence Archie ( Larry), Matt Doyle ( Jamie), Etai Benson ( Paul), Kathryn Allison ( Sarah), Christopher Sieber ( Harry), Rashidra Scott ( Susan), Greg Hildreth ( Peter), Britney Coleman ( Jenny), Christopher Fitzgerald ( David), Claybourne Elder ( Andy), Bobby Conte Thornton ( PJ), Manu Narayan ( Theo), Anisha Nagarajan ( New Yorker), Jacob Dickey ( New Yorker), Javier Ignacio ( New Yorker), Heath Saunders ( New Yorker)",https://encora.it/recordings/1122463
1122674,Company,Third Broadway Revival,2022-03-10,juniper47,Not NFT,"Katrina Lenk ( Bobbie), Patti LuPone ( Joanne), Terence Archie ( Larry), Matt Doyle ( Jamie), Etai Benson ( Paul), Jennifer Simard ( Sarah), Christopher Sieber ( Harry), Rashidra Scott ( Susan), Greg Hildreth ( Peter), Nikki Renée Daniels ( Jenny), Christopher Fitzgerald ( David), Claybourne Elder ( Andy), Bobby Conte Thornton ( PJ), Manu Narayan ( Theo), Anisha Nagarajan ( New Yorker), Britney Coleman ( New Yorker), Kathryn Allison ( New Yorker), Jacob Dickey ( New Yorker), Javier Ignacio ( New Yorker), Heath Saunders ( New Yorker)",https://encora.it/recordings/1122674
1124913,"The Lion, the Witch and the Wardrobe (Cookson)",First UK Tour,2022-04-01,sandrabanana,2022-09-01,"Ammar Duffus ( Peter Pevensie), Robyn Sinclair ( Susan Pevensie), Shaka Kalokoh ( Edmund Pevensie), Karise Yansen ( Lucy Pevensie), Chris Jared ( Aslan), Samantha Womack ( White Witch), Samantha Womack ( Mrs. Macready), Jez Unwin ( Mr. Tumnus), Sam Buttery ( Mr. Beaver), Christina Tedders ( Mrs. Beaver), Johnson Willis ( Professor Kirk), Michael Ahomka-Lindsay ( Maugrim), Rachel Dawson ( Blue Badger), Scott Brooks ( Fox Trot), Oliver Bingham ( March Hare), Rachel Dawson ( Spirit Of The Moon), Rachel Dawson ( Miss Chutney), Johnson Willis ( White Mouse), Grace Wylde ( Robin), Kate Parr ( Phoenix), Oliver Grant ( Mr. Wilson), Oliver Grant ( Schrodinger), Scott Brooks ( Mr. Pope), Oliver Grant ( Red Squirrel), Matthew James Hinchliffe ( Mr. Marsden), Grace Wylde ( Mrs. Pevensie), Oliver Grant ( Head Cruel), Michael Ahomka-Lindsay ( White Stag), Matthew James Hinchliffe ( Mauve Mole), Kate Parr ( Miss Gumley-Warmley), Oliver Bingham ( Mr. Brinkworth), Grace Wylde ( Gryphon), Johnson Willis ( Father Christmas), Michael Ahomka-Lindsay ( Satyr), Michael Ahomka-Lindsay ( Soldier), Shaun McCourt ( Mr. Granville), Shaun McCourt ( Jack Rabbit), Johnson Willis ( Wise Owl), Oliver Bingham ( Aslan Puppeteer), Oliver Grant ( Aslan Puppeteer), Shaun McCourt ( Aslan Puppeteer)",https://encora.it/recordings/1124913
1127030,Stephen Sondheim's Old Friends,West End Concert,2022-05-03,Jagweed,2022-11-26,"Josefina Gabrielle ( Performer), Charlie Stemp ( Performer), Gary Wilmot ( Performer), Michael D. Xavier ( Performer), Shan Ako ( Performer), Christine Allado ( Performer), Holly-Anne Hull ( Performer), Ashley Campbell ( Performer), Anna-Jane Casey ( Performer), Desmonda Cathabel ( Performer), Imelda Staunton ( Performer), Louis Gaunt ( Performer), Amy Griffiths ( Performer), Rob Houchen ( Performer), Bradley Jaden ( Performer), Ian McLarnon ( Performer), Jeremy Secomb ( Performer), Jordan Shaw ( Performer), Matthew White ( Performer), Bonnie Langford ( Performer), Helena Bonham Carter ( Performer), Rob Brydon ( Performer), Petula Clark ( Performer), Rosalie Craig ( Performer), Janie Dee ( Performer), Judi Dench ( Performer), Daniel Evans ( Performer), Maria Friedman ( Performer), Haydn Gwynne ( Performer), Michael Ball ( Performer), Damian Lewis ( Performer), Julia McKenzie ( Performer), Julian Ovenden ( Performer), Bernadette Peters ( Performer), Siân Phillips ( Performer), Jon Robyns ( Performer), Clive Rowe ( Performer), Jenna Russell ( Performer)",https://encora.it/recordings/1127030
1128855,Company,Third Broadway Revival,2022-07-31,shadowinherlight,Not NFT,"Katrina Lenk ( Bobbie), Patti LuPone ( Joanne), Terence Archie ( Larry), Matt Doyle ( Jamie), Etai Benson ( Paul), Jennifer Simard ( Sarah), Christopher Sieber ( Harry), Rashidra Scott ( Susan), Greg Hildreth ( Peter), Nikki Renée Daniels ( Jenny), Christopher Fitzgerald ( David), Claybourne Elder ( Andy), Bobby Conte Thornton ( PJ), Manu Narayan ( Theo)",https://encora.it/recordings/1128855
1128883,Company,Third Broadway Revival,2022-07-31,juniper47,Not NFT,"Katrina Lenk ( Bobbie), Patti LuPone ( Joanne), Terence Archie ( Larry), Matt Doyle ( Jamie), Etai Benson ( Paul), Jennifer Simard ( Sarah), Christopher Sieber ( Harry), Rashidra Scott ( Susan), Greg Hildreth ( Peter), Nikki Renée Daniels ( Jenny), Christopher Fitzgerald ( David), Claybourne Elder ( Andy), Bobby Conte Thornton ( PJ), Manu Narayan ( Theo), Kathryn Allison ( New Yorker), Britney Coleman ( New Yorker), Jacob Dickey ( New Yorker), Javier Ignacio ( New Yorker), Anisha Nagarajan ( New Yorker), Heath Saunders ( New Yorker)",https://encora.it/recordings/1128883
1129361,Beauty and the Beast (Disney),UK & Ireland Tour,2022-08-09,soulofamanstepone,2022-09-10,"Grace Swaby-Moore ( Belle), Shaq Taylor ( Beast), Rhys West ( Gaston), Thomas-Lee Kidd ( Maurice), Alyn Hawke ( Lumière), Nigel Richards ( Cogsworth), Sam Bailey ( Mrs. Potts), Emma Caffrey ( Babette), Samantha Bingley ( Madame de la Grande Bouche), Liam Buckland ( Le Fou), Sekhani Dumezweni ( Chip)",https://encora.it/recordings/1129361
1131396,The Kite Runner,Broadway,2022-09-02,AwkwardJewishTheatreNerd,Not NFT,"Amir Arison ( Amir), Faran Tahir ( Baba), Danish Farooqi ( Wali), Azita Ghanizada ( Soraya), Evan Zes ( Ali), Evan Zes ( Farid), Eric Sirakian ( Sohrab), Eric Sirakian ( Hassan), Haris Pervaz ( Assef), Dariush Kashani ( Rahim Khan), Beejan Land ( Kamal), Christine Mirzayan ( Andrews), Christine Mirzayan ( Wife), Christine Mirzayan ( Pomegrante Lady), Beejan Land ( Radio Announcer), Beejan Land ( Husband), Beejan Land ( Zaman), Danish Farooqi ( Pakistani Doctor), Danish Farooqi ( Guard), Dariush Kashani ( Omar Faisal), Dariush Kashani ( Dr. Schneider), Joe Joseph ( Merchant), Joe Joseph ( Russian Soldier #1), Dariush Kashani ( Russian Soldier #2), Houshang Touzie ( General Taheri), Salar Nader ( Tabla Artist)",https://encora.it/recordings/1131396
1138694,The Color Purple,UK Tour,2022-10-06,soulofamanstepone,Not NFT,"Me'sha Bryan ( Celie), Rosemary Nkrumah ( Shug Avery), Anelisa Lamola ( Sofia), Ako Mitchell ( Mister), Ahmed Hamad ( Harpo), Aaliyah Zhane ( Nettie), Jimand Alotey ( Squeak), KM Drew Boateng ( Pa), Kyle Birch ( Bobby), Mcallam Conell ( Grady), Kyle Birch ( Buster), Kayla Carter ( Church Lady Darlene), Danielle Kassaraté ( Church Lady Doris), Esme Laudat ( Church Lady Jarene), Anelisa Lamola ( Church Soloist), Mcallam Conell ( Preacher), Neil Patteson ( Ol' Mister), KM Drew Boateng ( Church Tambourinist)",https://encora.it/recordings/1138694
1141306,"The Lion, the Witch and the Wardrobe (Cookson)",West End,2022-09-01,ShakeATradeFeather,Not NFT,"Ammar Duffus ( Peter Pevensie), Robyn Sinclair ( Susan Pevensie), Shaka Kalokoh ( Edmund Pevensie), Delainey Hayles ( Lucy Pevensie), Chris Jared ( Aslan), Rachel Dawson ( White Witch), Jez Unwin ( Mr. Tumnus), Julian Hoult ( Mr. Beaver), Christina Tedders ( Mrs. Beaver), Johnson Willis ( Professor Kirk), Emmanuel Ogunjinmi ( Maugrim), Jasmin Colangelo ( Blue Badger), Scott Brooks ( Fox Trot), Sean Lopeman ( March Hare), Jasmin Colangelo ( Spirit Of The Moon), Jasmin Colangelo ( Miss Chutney), Johnson Willis ( White Mouse), Micha Richardson ( Robin), Charlotte-Kate Warren ( Phoenix), Oliver Grant ( Mr. Wilson), Oliver Grant ( Schrodinger), Scott Brooks ( Mr. Pope), Oliver Grant ( Red Squirrel), Matthew James Hinchliffe ( Mr. Marsden), Micha Richardson ( Mrs. Pevensie), Oliver Grant ( Head Cruel), Emmanuel Ogunjinmi ( White Stag), Matthew James Hinchliffe ( Mauve Mole), Charlotte-Kate Warren ( Miss Gumley-Warmley), Sean Lopeman ( Mr. Brinkworth), Johnson Willis ( Father Christmas), Emmanuel Ogunjinmi ( Satyr), Emmanuel Ogunjinmi ( Soldier), Shaun McCourt ( Mr. Granville), Shaun McCourt ( Jack Rabbit), Johnson Willis ( Wise Owl), Oliver Grant ( Aslan Puppeteer), Sean Lopeman ( Aslan Puppeteer), Shaun McCourt ( Aslan Puppeteer)",https://encora.it/recordings/1141306
1147910,Wicked,Broadway,2022-02-01,StarCuffedJeans,2024-03-01,"Lindsay Heather Pearce ( Elphaba), Brittney Johnson ( Glinda), Sam Gravitte ( Fiyero), Michael McCormick ( The Wizard), Sharon Sachs ( Madame Morrible), Mili Diaz ( Nessarose), Jordan Barrow ( Boq), Michael X. Martin ( Doctor Dillamond), Chase Madigan ( Chistery), Christianne Tisdale ( Midwife), Gabriela M. Soto ( Witch's Mother), Peter C Ermides ( Witch's Father), Peter C Ermides ( Ozian Official), Alicia Albright ( Ensemble), Jenny Florkowski ( Ensemble), Alison Jantzie ( Ensemble), Dashi Mitchell ( Ensemble), Nicky Venditti ( Ensemble)",https://encora.it/recordings/1147910
